Pillar,Subtopic,Series Name,Hook / Quote,Expanded Caption or Thought,Suggested Platform,Suggested Visual Type,Emotional Tone,Content Type,Keywords,Source Document,Status,Approval,Posted?,Scheduled Date,Buffer Queue,Canva Made,Priority
Education,Reform,Systems vs Humans,"Our school system was deeply influenced by three models: the factory, the prison, and the church.","We are still following a format developed for the Industrial Revolution. In the church model, we sought discipline; in the factory, uniformity; in the prison, compliance. It’s time to stop teaching students to stand in line and start teaching them to stand out.",LinkedIn,Text Overlay,Provocative,LinkedIn Post,"Education Reform, Industrial Revolution, Systems",Future Ready Challenge,Draft,,,,,,
Modern Childhood,Digital Reality,Quiet Signals,The Internet is a waterfall. The information you need is just one droplet in that explosion of water.,"Information literacy isn't just about finding data; it's about managing the flood. We must teach the next generation how to identify, locate, and evaluate the single droplet of truth in a gushing hydrant of noise.",Instagram,Cinematic B-Roll,Reflective,Reel Concept,"Information Literacy, Digital Age, Focus",Future Ready Challenge,Draft,,,,,,
Leadership,Collaboration,Behavior Decoded,"In the 21st century, the term 'follower' becomes obsolete.",Modern collaboration requires every individual to step up and lead at different points. We aren't building workers for an assembly line; we are building a network of leaders who know how to inspire and build strategic partnerships.,LinkedIn,Quote Card,Future-Focused,Quote Graphic,"Leadership, Collaboration, Future of Work",Future Ready Challenge,Draft,,,,,,
Education,Teacher Mindset,Systems vs Humans,"If your students can always anticipate the classroom structure, you may be a WRDR teacher.","The Wash, Rinse, Dry, Repeat (WRDR) cycle is a relic of the factory mindset. When learning becomes a monotonous, predictable loop, engagement dies. Break the cycle. If the lesson is boring to you, it’s definitely boring to them.",TikTok,Talking Head Video,Intense,TikTok Hook,"WRDR, Engagement, Teaching Style",Future Ready Challenge,Draft,,,,,,
AI & Humanity,Technological Growth,AI & Humanity,"Before it can become fact, it must be fiction.","Innovation starts with the 'what-ifs.' In an age of neuromorphic technology and drones, our greatest asset isn't our knowledge of facts—it's our ability to imagine the impossible. We need to color outside the lines.",X / Threads,Text Overlay,Hopeful,Short-form Reflection,"Innovation, Creativity, Future Tech",Future Ready Challenge,Draft,,,,,,
Relationships,Communication,Built for Connection,"Criticism, like rain, should be gentle enough to nourish growth without destroying roots.",We have become a society of the easily offended because we’ve lost the art of constructive feedback. True connection requires the ability to critique and be critiqued without tearing each other down.,Instagram,Quote Card,Compassionate,Quote Graphic,"Feedback, Communication, Growth",Future Ready Challenge,Draft,,,,,,
Education,Curriculum Design,Emotional Architecture,"We are currently engaged in a 'mile wide, inch deep' curriculum.",It’s time to turn the lights out on waste. We are teaching more than is necessary and less than is meaningful. Prioritizing depth over coverage is the only way to make room for real mastery.,Newsletter,Whiteboard Explanation,Thoughtful,Newsletter Seed,"Curriculum, Mastery, Depth",Future Ready Challenge,Draft,,,,,,
Modern Childhood,Habit Formation,Why Humans Do That,"It takes 28 days to create a pattern, but 90 days to create a habit.","Change isn't an event; it's a semester-long journey. Whether you're reforming a school or a personal routine, respect the timeline of the human brain. Patterns are easy; habits are hard-won.",LinkedIn,Carousel,Calm,Carousel,"Habits, Psychology, Change",Future Ready Challenge,Draft,,,,,,
Leadership,Integrity,Leadership Under Pressure,Integrity is doing the right thing even when no one is watching.,"When you close the door and it's just you and your team (or your students), that's where the real work happens. Do what is right for the humans in front of you, regardless of the bureaucracy behind you.",Instagram/TikTok,Dark Atmospheric Video,Intense,Video Hook,"Integrity, Ethics, Leadership",Future Ready Challenge,Draft,,,,,,
Education,Assessment,Human Systems,Grades are useless symbols from a less enlightened age.,"An 'A' doesn't prove mastery; it proves compliance with a test. Real-world success doesn't offer multiple-choice answers. We need to assess progress through real-world usage and meaningful dialogue, not letter grades.",LinkedIn,Quote Card,Provocative,LinkedIn Post,"Grading, Assessment, Education",Future Ready Challenge,Draft,,,,,,
Education,Reform,Systems vs Humans,We are still following the format developed as a result of the Industrial Revolution!,"Our schools aren't broken; they are functioning exactly as they were designed in 1892. Following the factory model, we taught uniformity. Following the prison model, we taught compliance. We are trying to force 21st-century minds through an Industrial-era cookie-cutter approach.",LinkedIn,Whiteboard Explanation,Provocative,LinkedIn Post,"Education Reform, Industrial Revolution, Compliance",Future Ready Challenge,Draft,,,,,,
Modern Childhood,Digital Literacy,Future of Learning,Digital literacy is the ability to use current and future technologies and to understand what technologies we will use to accomplish which tasks.,"It’s not enough to know how to use an iPad. Students must understand the 'why' and 'when' of technology. If they fall behind on the latest tools today, the learning curve for tomorrow’s breakthroughs will be insurmountable.",Instagram,Cinematic B-Roll,Future-Focused,Reel Concept,"Digital Literacy, Future Ready, EdTech",Future Ready Challenge,Draft,,,,,,
Leadership,Team Dynamics,Leadership Under Pressure,The term 'followers' becomes obsolete because collaborations at nearly every level require all individuals to step up.,"In a global society, leadership isn't a title; it's a rotating responsibility. Strategic partnerships require everyone to be capable of leading when the moment demands it. We need to build leaders, not subordinates.",LinkedIn,Quote Card,Intense,Quote Graphic,"Leadership, Collaboration, Teamwork",Future Ready Challenge,Draft,,,,,,
Education,Curriculum,Emotional Architecture,Cursive writing has become more of a cultural tradition than a necessary skill.,We must begin selectively discarding—turning off the lights—on content that just isn't realistic or worthwhile anymore. Holding on to cursive is like holding on to calligraphy while the world moves to voice-activated systems.,TikTok,Talking Head Video,Reflective,TikTok Hook,"Curriculum Compacting, Cursive, Future Skills",Future Ready Challenge,Draft,,,,,,
Relationships,Conflict Resolution,Built for Connection,The adults in our society seem to have difficulty disagreeing with each other without attacking one another and going for the jugular.,We lack the ability to effectively debate because we lack positive debating experiences in school. Intellectual disagreement shouldn't be a personal attack; it should be a research-based defense of an opinion.,Facebook,Quote Card,Thoughtful,Facebook Post,"Conflict Resolution, Debate, Communication",Future Ready Challenge,Draft,,,,,,
Education,Teacher Mindset,Systems vs Humans,Just because a lesson is found in a book doesn't mean it's the best lesson for your students.,"The best lessons come from the creative mind of a teacher, not a table of contents. Toss the textbook. Use the internet, use your network, and build something your students won't soon forget.",LinkedIn,Carousel,Provocative,LinkedIn Post,"Creative Teaching, Pedagogy, Innovation",Future Ready Challenge,Draft,,,,,,
Music & Creativity,Innovation,Emotional Architecture,"Before it can become fact, it must be fiction.","Creativity is the building block of the new. It allows us to explore things that aren't typical—a constant theme of the 21st century. If we want students to survive, they must be allowed to color outside the lines.",Instagram,Dark Atmospheric Video,Cinematic,Reel Concept,"Creativity, Innovation, Imagination",Future Ready Challenge,Draft,,,,,,
Leadership,Business Mindset,Systems vs Humans,"Without entrepreneurship, we are stagnant!",Entrepreneurship isn't just for business owners; it’s the engine of economic growth. Even tomorrow’s middle class must be entrepreneurs who know how to bring ideas to fruition and answer the question: What does the world need next?,LinkedIn,Text Overlay,Intense,LinkedIn Post,"Entrepreneurship, Growth, Future Workforce",Future Ready Challenge,Draft,,,,,,
Modern Childhood,Cyber Universe,Quiet Signals,We are living in a society where technology allows us to be in two places at once—a real-life parallel universe!,Digital citizenship must be as commonplace as physical citizenship. Your presence in the cyber universe is as significant as your physical presence. We must teach children to protect and respect their digital identity.,TikTok,Cinematic B-Roll,Reflective,TikTok Hook,"Digital Citizenship, Cyber Safety, Identity",Future Ready Challenge,Draft,,,,,,
Education,Assessment,Human Systems,Letter grades mean little and certainly don't indicate whether they possess the concepts necessary to progress into an unknown future.,"A symbol like 'A' or 'B' doesn't reflect mastery. In the real world, you aren't given five possible answers. We need to assess through real-world usage and project-based learning, not useless symbols from a less enlightened age.",LinkedIn,Quote Card,Provocative,LinkedIn Post,"Grading Reform, Assessment, Mastery",Future Ready Challenge,Draft,,,,,,
Trauma & Recovery,Emotional Regulation,Emotional Architecture,"Criticism, like rain, should be gentle enough to nourish a man’s growth without destroying his roots.",We are a society of the easily offended because we have not learned the art of constructive feedback. We must teach the difference between a negative comment and a correction that nourishes growth.,Instagram,Quote Card,Compassionate,Quote Graphic,"Feedback, Emotional Growth, Communication",Future Ready Challenge,Draft,,,,,,
Education,Pedagogy,Systems vs Humans,"Project-based learning is linked to significant improvements in attendance, classroom engagement, and student test scores.","Learning isn't something done after the information is gathered; it is the gathering. Students thrive when they dig into messy, complex, real-life problems instead of boring lectures.",Facebook,Carousel,Hopeful,Carousel,"PBL, Engagement, Project Based Learning",Future Ready Challenge,Draft,,,,,,
Leadership,Networking,Human Systems,Teachers networking with other teachers raises the professional bar in education and makes us all better teachers.,"Modeling is vital. If we want students to value networking, we must do it ourselves. We can no longer rely on school-based development; we must reach out across the globe and share what we’ve learned.",LinkedIn,Talking Head Video,Professional,LinkedIn Post,"Networking, Professional Development, Collaboration",Future Ready Challenge,Draft,,,,,,
Modern Childhood,Information Literacy,Quiet Signals,"Information literacy is our ability to control the sheer amount of information that is available by deftly identifying it, locating it, evaluating it, and using it.","Imagine a fire hydrant gushing water—that is the internet. Identifying one droplet of quality information in that explosion is the defining skill of our age. Without it, we are forced to consume superficial opinions.",TikTok,Whiteboard Explanation,Thoughtful,TikTok Hook,"Information Literacy, Research Skills, Critical Thinking",Future Ready Challenge,Draft,,,,,,
Education,Student Agency,Human Systems,"Student scholars are allowed to dictate their instruction based on their needs, their interests, and their passions.","We must help learners go beyond us to become scholarly experts in topics that may not even exist yet. When we unleash student voice, we prepare them for an uncertain future by giving them autonomy today.",LinkedIn,Quote Card,Future-Focused,LinkedIn Post,"Student Voice, Autonomy, Scholar",Future Ready Challenge,Draft,,,,,,
Education,Instructional Strategy,Systems vs Humans,"If you can predict what your class will look like two months from now, you are a WRDR teacher!","The Wash, Rinse, Dry, Repeat cycle kills the soul of learning. If it's boring to you, it's boring to them. Take a risk. Try a crazy, weird lesson. They will never forget it.",Instagram,Cinematic B-Roll,Intense,Reel Concept,"WRDR, Engagement, Teaching",Future Ready Challenge,Draft,,,,,,
Leadership,Reform,Leadership Under Pressure,"We need to implement educational reform that allows our children to be the creative, innovative collaborators and communicators we know they are!",Possessing information and connecting the dots are two different things. Reform isn't just about data; it's about providing the space for innovation to happen. We must empower the next generation to be the leaders we need.,LinkedIn,Text Overlay,Provocative,LinkedIn Post,"Reform, Innovation, Leadership",Future Ready Challenge,Draft,,,,,,
Modern Childhood,Digital Literacy,Future of Learning,"We must live in a way and handle our digital world in a way that is appropriate, both morally and legally.",Our actions in the virtual world have long-lasting consequences. Digital citizenship isn't a set of rules; it's a moral compass for a global society. Cultural sensitivity is the new currency of the 21st century.,Facebook,Quote Card,Reflective,Facebook Post,"Digital Ethics, Global Citizenship, Culture",Future Ready Challenge,Draft,,,,,,
Education,Innovation,Music & Creativity,Human creativity is the ultimate economic resource.,"In an age of innovation, we don't need workers for jobs that already exist. We need creators for work that hasn't been defined yet. Creativity isn't an elective; it's a survival skill.",Instagram,Dark Atmospheric Video,Cinematic,Reel Concept,"Creativity, Economy, Future of Work",Future Ready Challenge,Draft,,,,,,
Relationships,Feedback,Emotional Architecture,"We must teach them how to help one another, not tear each other down.","Peer review isn't about finding mistakes; it's about Compliments, Suggestions, and Corrections. When we model analytical, kind feedback, we build the foundation for 21st-century collaboration.",LinkedIn,Quote Card,Compassionate,Quote Graphic,"Peer Review, Collaboration, Feedback",Future Ready Challenge,Draft,,,,,,
Modern Childhood,Digital Reality,Quiet Signals,The amount of information on the Internet is like water coming out of a fire hydrant fully open.,Our current reality is one of unprecedented scale. We aren't just teaching kids how to read; we are teaching them how to survive a deluge. Digital literacy is no longer a luxury; it is a life raft.,TikTok,Cinematic B-Roll,Intense,Reel Concept,"Information Literacy, Digital Age, Focus",Future Ready Challenge,Draft,,,,,,
Education,Pedagogy,Future of Learning,"Before it can become fact, it must be fiction.","Innovation requires a 'What if?' mindset. We need students who can take current technology and imagine what's next. Without that creative spark, our society becomes stagnant, stuck in what is rather than what could be.",LinkedIn,Text Overlay,Future-Focused,LinkedIn Post,"Innovation, Creativity, Future Ready",Future Ready Challenge,Draft,,,,,,
Leadership,Integrity,Leadership Under Pressure,Integrity is doing the right thing even when no one is watching.,"Real leadership is measured in the quiet moments, not the public ones. It's about doing what is best for the people you lead, even when it's inconvenient or invisible. True integrity is the backbone of any healthy system.",Instagram,Dark Atmospheric Video,Intense,Reel Concept,"Integrity, Leadership, Ethics",Future Ready Challenge,Draft,,,,,,
Education,Reform,Systems vs Humans,We are still following the format developed as a result of the Industrial Revolution!,"Our schools were modeled after factories, prisons, and churches—systems designed for uniformity and compliance. But the 21st century demands innovators, not assembly line workers. We must overhaul the DNA of our education.",LinkedIn,Whiteboard Explanation,Provocative,LinkedIn Post,"Education Reform, Industrial Revolution, Systems",Future Ready Challenge,Draft,,,,,,
Relationships,Communication,Built for Connection,"Criticism, like rain, should be gentle enough to nourish growth without destroying roots.","We have lost the ability to provide feedback that builds up. In our society of the easily offended, we must reclaim the art of constructive criticism—gentle but effective, analytical but kind.",Facebook,Quote Card,Compassionate,Facebook Post,"Feedback, Communication, Growth",Future Ready Challenge,Draft,,,,,,
Education,Assessment,Human Systems,Grades are relics from a less enlightened age.,Letter grades mean little in a world that demands mastery. We must move beyond competitive symbols to a modern approach that proves a student is actually prepared for the unknown future.,LinkedIn,Quote Card,Provocative,LinkedIn Post,"Grading, Assessment, Education",Future Ready Challenge,Draft,,,,,,
Modern Childhood,Cyber Universe,Quiet Signals,We are living in a society where technology allows us to be in two places at once—a real-life parallel universe!,Digital citizenship isn't just about safety; it's about the quality of our actions in the digital ecology. We must behave in the cyber world with the same respect and responsibility we do in the physical world.,TikTok,Cinematic B-Roll,Reflective,Reel Concept,"Digital Citizenship, Cyber Ethics, Identity",Future Ready Challenge,Draft,,,,,,
Leadership,Collaboration,Behavior Decoded,"In the 21st century, the term 'follower' becomes obsolete.",Collaboration requires everyone to be a leader at some point. We aren't building a hierarchy; we are building a network of strategic partners who know how to inspire and motivate each other toward a common goal.,LinkedIn,Quote Card,Future-Focused,Quote Graphic,"Leadership, Collaboration, Teamwork",Future Ready Challenge,Draft,,,,,,
Education,Curriculum Design,Emotional Architecture,"We are currently engaged in a 'mile wide, inch deep' curriculum.",We must begin selectively discarding content that is no longer worthwhile. Making room for in-depth learning is the only way to ensure our students truly master the skills they need to lead.,Newsletter,Whiteboard Explanation,Thoughtful,Newsletter Seed,"Curriculum, Mastery, Depth",Future Ready Challenge,Draft,,,,,,
Trauma & Recovery,Emotional Regulation,Emotional Architecture,"We must teach them how to help one another, not tear each other down.","Providing constructive feedback is an essential life skill. When we teach kids how to offer compliments, suggestions, and corrections, we're building an emotionally intelligent generation capable of deep collaboration.",Instagram,Quote Card,Compassionate,Quote Graphic,"Feedback, Emotional Intelligence, Growth",Future Ready Challenge,Draft,,,,,,
Education,Project-Based Learning,Future of Learning,I guarantee the lessons you remember from childhood were the ones where you participated in a unique and creative way.,We forget the worksheets. We remember the day we spent acting and being treated like children in Colonial times. Active engagement isn't just a teaching strategy; it's the mechanism of memory. Project-based learning is the only way to make information stick.,LinkedIn,Text Overlay,Reflective,LinkedIn Post,"Project Based Learning, Memory, Engagement",Future Ready Challenge,Draft,,,,,,
Education,Instructional Strategy,Systems vs Humans,It's called TOOHAK!—the backwards version of Kahoot!,"True learning happens when we flip the script. Instead of the teacher creating the questions, let the students build the review. When they are responsible for the knowledge architecture, their understanding grows exponentially. Flip the classroom to flip the mindset.",Twitter/X,Talking Head Video,Provocative,Short-form Reflection,"TOOHAK, Classroom Flip, Student Agency",Future Ready Challenge,Draft,,,,,,
Education,Special Education,Human Systems,"Rural West Virginia students haven't seen a manatee, so a textbook just wasn't going to reach them.","Textbooks often fail because they lack local context. By using YouTube and interactive apps to bring 'mysterious creatures' into the classroom, we bridge the gap between rural isolation and global knowledge. Toss the textbook to find the bridge.",Facebook,Carousel,Compassionate,Facebook Post,"Case Study, Contextual Learning, Inclusion",Future Ready Challenge,Draft,,,,,,
Education,Environmental Science,Future of Learning,Students used Google Scholar to ensure a healthy habitat for Pennsylvania state fish.,"Real-world science is messy. When students monitor life cycles, manage water quality, and adjust variables to save trout, they aren't just 'doing a project.' They are practicing high-order problem solving and data analysis. Science is a verb.",LinkedIn,Simulation Clip,Intense,LinkedIn Post,"Trout in the Classroom, Real World Science, Data",Future Ready Challenge,Draft,,,,,,
Education,Literacy,Student Agency,I trust the process and communicate to my students that I believe they can take responsibility for their learning.,"Literature circles shouldn't be managed; they should be facilitated. When we allow students to select their own books and run their own 'jobs,' we transform a reading block into a socialization engine. Engagement increases when motivation is internal.",Instagram,Quote Card,Hopeful,Quote Graphic,"Literature Circles, Trust, Literacy",Future Ready Challenge,Draft,,,,,,
Education,Reform,Systems vs Humans,"If we don't place a letter or number grade on learning, we can practice until mastery is achieved.","Grades are a finish line that often stops learning prematurely. Without the threat of a failing mark, students are free to embrace skills and continue the 'dance' of learning until they actually master the concept. Progress over points.",LinkedIn,Whiteboard Explanation,Reflective,LinkedIn Post,"Grading Reform, Mastery, Progress",Future Ready Challenge,Draft,,,,,,
Modern Childhood,Future Ready,Future of Learning,"We need students who can take the current technology and say, 'But what if?'","Innovation isn't about using a tool; it's about imagining the next one. Without the 'What If' thinkers, we become stagnant. We must prepare the next generation to take technology to the next level before they even enter the workforce.",TikTok,Talking Head Video,Future-Focused,TikTok Hook,"Innovation, Future Ready, Technology",Future Ready Challenge,Draft,,,,,,
Leadership,Professional Development,Networking,"Just as students shouldn't rely solely on teachers, we shouldn't rely solely on school-based PD.","The internet has made the 'sole keeper of content' obsolete. Educators must reach out on their own, network on Pinterest and Twitter, and model the global communication they preach. We raise the bar when we share the load.",LinkedIn,Text Overlay,Professional,LinkedIn Post,"Professional Development, Networking, Mentorship",Future Ready Challenge,Draft,,,,,,
Education,Creative Autonomy,Emotional Architecture,The best way to allow our students to be creative is not to give them a process!,"Give them a room, materials, and a concept—then get out of the way. As soon as we have boundaries, creativity becomes managed. Reject the notion of coloring inside the lines if you want their genius to soar.",Instagram,Cinematic B-Roll,Intense,Reel Concept,"Makerspace, Creativity, Autonomy",Future Ready Challenge,Draft,,,,,,
Modern Childhood,Citizenship,Quiet Signals,Digital citizenship has become as commonplace as physical citizenship.,"We are raising citizens of two worlds. A focus on citizenry at both levels is a must for our 21st-century learners. Whether face-to-face or in the cyber universe, the quality of our habits impacts the ecology of our community.",TikTok,Text Overlay,Thoughtful,TikTok Hook,"Digital Citizenship, Cyber Ethics, Ecology",Future Ready Challenge,Draft,,,,,,
Relationships,Collaboration,Built for Connection,The ability to collaborate with multiple people in multiple locations will be a must.,Our children must be able to lead and follow in a global environment where they share ideas across countries and cultures. Cultural sensitivity isn't a 'soft skill'—it's a valued currency in a global society.,LinkedIn,Quote Card,Future-Focused,Quote Graphic,"Collaboration, Global Society, Leadership",Future Ready Challenge,Draft,,,,,,
Education,Curriculum,Systems vs Humans,"Instead of the textbook, find current resources on the internet. You will find you have wings.","The textbook was meant to be a tool, not a curriculum. Many are outdated before they even leave the printer. When you stop planning around a table of contents, you give yourself permission to be a creative teacher again.",Newsletter,Whiteboard Explanation,Hopeful,Newsletter Seed,"Outdated Textbooks, Creative Freedom, EdTech",Future Ready Challenge,Draft,,,,,,
Leadership,Integrity,Leadership Under Pressure,Integrity is doing the right thing even when no one is watching.,"In the classroom or the boardroom, your character is defined by the choices you make when the doors are closed. Don't teach (or lead) the way you were taught; lead the way they need to be led. No excuses.",Instagram,Dark Atmospheric Video,Intense,Reel Concept,"Integrity, Leadership, Ethics",Future Ready Challenge,Draft,,,,,,
Modern Childhood,Information Literacy,Quiet Signals,Possessing the information and being able to connect the dots are two very different things.,We have all the world's statistics at our fingertips. But the ability to synthesize that data into a solution is the missing link in our education system. We don't need more 'knowing'; we need more 'connecting.',LinkedIn,Text Overlay,Provocative,LinkedIn Post,"Information Literacy, Data Synthesis, Reform",Future Ready Challenge,Draft,,,,,,
Education,Teacher Mindset,Systems vs Humans,"Dont be afraid to take a risk! If it sounds like a crazy, weird lesson, it probably is—and thats okay.","Students never forget the outliers. They forget the worksheets, but they remember the bridge built of balsa wood or the trout raised in the aquarium. Be the outlier in their educational experience.",TikTok,Cinematic B-Roll,Intense,TikTok Hook,"Risk Taking, Memorable Lessons, Teaching",Future Ready Challenge,Draft,,,,,,
Modern Childhood,Future Tech,AI & Humanity,Our first graders will only be in eleventh grade in ten years—not even ready to enter the workforce!,"Think about the technologies that didn't exist ten years ago: augmented reality, nanobots, fuel-cell vehicles. We aren't preparing kids for the world of today; we are preparing them for a world we can't yet envision.",Instagram,Cinematic B-Roll,Future-Focused,Reel Concept,"Future Tech, Workforce Prep, Innovation",Future Ready Challenge,Draft,,,,,,
Leadership,Emotional Intelligence,Behavior Decoded,"Criticism, like rain, should be gentle enough to nourish growth without destroying roots.","We have become a society of the easily offended because we have lost the art of the 'gentle rain' of feedback. We must reclaim constructive criticism as a tool for nourishment, not destruction.",LinkedIn,Quote Card,Compassionate,Quote Graphic,"Feedback, Emotional Intelligence, Leadership",Future Ready Challenge,Draft,,,,,,
Education,Assessment,Human Systems,"Assess mastery through real-world usage of that skill, as opposed to a flat, test-type assessment.","In the real world, you are never given five possible answers where one must be right. We must stop testing for compliance and start assessing for competence through projects and real-world application.",Facebook,Carousel,Provocative,Facebook Post,"Assessment Reform, Real World Skills, Mastery",Future Ready Challenge,Draft,,,,,,
Education,Student Agency,Human Systems,Student scholars go beyond us to become experts in a topic that may not even exist yet!,"Through 'Genius Hour' and independent projects, we allow students to dictate their futures. When we empower the student scholar, we move from being the 'sage on the stage' to the 'guide on the side.'",LinkedIn,Quote Card,Future-Focused,LinkedIn Post,"Student Scholar, Genius Hour, Autonomy",Future Ready Challenge,Draft,,,,,,
Education,Pedagogy,Systems vs Humans,Project-based learning experiences allow your students to learn the information as they create something.,"Learning is not something done after the lesson; it is the lesson itself. When students build miniatures, run 5Ks to test elevation, or debate bills in Congress, they are learning in the present tense. Creativity is the process.",Instagram,Simulation Clip,Hopeful,Reel Concept,"PBL, Active Learning, Creativity",Future Ready Challenge,Draft,,,,,,
Education,Leadership,Human Systems,"In the 21st century, teamwork takes the concept of leadership to a new dimension.",The term 'follower' becomes obsolete because collaborations at nearly every level require all individuals to step up and serve as the leader at some point. True leadership isn't a hierarchy anymore—it's a shared responsibility based on competence and timing.,LinkedIn,Quote Card,Future-Focused,LinkedIn Post,"Leadership, Collaboration, Teamwork",Future Ready Challenge,Draft,,,,,,
Education,Curriculum,Systems vs Humans,"We are currently engaged in the mile wide, inch deep curriculum.","We must begin selectively discarding—turning off the lights—on content that just isn't realistic, useful, or worthwhile anymore. We need to make room for in-depth learning. It's time for 'Lights Out' on waste.",Twitter/X,Whiteboard Explanation,Provocative,Short-form Reflection,"Curriculum, Mastery, Depth",Future Ready Challenge,Draft,,,,,,
Modern Childhood,Digital Citizenship,Quiet Signals,Digital citizenship has become as commonplace as physical citizenship.,"We want to create good citizens, regardless of whether they are working face to face or in the cyber universe. Morality and legality don't stop at the keyboard. We must live in a way that respects the digital world as much as the physical.",Facebook,Quote Card,Thoughtful,Facebook Post,"Digital Citizenship, Ethics, Community",Future Ready Challenge,Draft,,,,,,
Education,Student Agency,Human Systems,Student scholars go beyond us to become scholarly experts in a topic that may not even exist yet!,"We must help our 21st century learners dictate their own futures. Through digital inquiry and independent projects, they find their passions. We aren't just teaching subjects; we are facilitating the creation of experts.",LinkedIn,Talking Head Video,Hopeful,LinkedIn Post,"Student Scholar, Autonomy, Future Ready",Future Ready Challenge,Draft,,,,,,
Modern Childhood,Information Literacy,Quiet Signals,The amount of information on the Internet is like water coming out of a fire hydrant fully open.,"Possessing the information and being able to connect the dots are two very different things. We must teach students how to navigate the waterfall, locate quality research, and use it properly before they are drowned in superficiality.",TikTok,Cinematic B-Roll,Intense,TikTok Hook,"Information Literacy, Data Synthesis, Critical Thinking",Future Ready Challenge,Draft,,,,,,
Leadership,Integrity,Leadership Under Pressure,Integrity is doing the right thing even when no one is watching.,"In the classroom or the boardroom, your character is defined by the choices you make when the doors are closed. Don't teach the way you were taught; teach them the way they need to learn. No excuses.",Instagram,Dark Atmospheric Video,Intense,Reel Concept,"Integrity, Leadership, Ethics",Future Ready Challenge,Draft,,,,,,
Education,Innovation,Music & Creativity,Creativity is the ability to use all of the building blocks to create new.,"Being able to think outside the box and color outside the lines remains so important because it allows us to explore things that aren't typical—a constant theme of the 21st century. Before it can become fact, it must be fiction.",LinkedIn,Quote Card,Cinematic,LinkedIn Post,"Creativity, Innovation, Future Ready",Future Ready Challenge,Draft,,,,,,
Education,Entrepreneurship,Human Systems,Even tomorrow’s middle class will be entrepreneurs.,We must open up the possibility that our students will enter an entrepreneurial world. We need students who can answer the question: 'What does the world need next?' and have the passion for creating new solutions.,LinkedIn,Text Overlay,Intense,LinkedIn Post,"Entrepreneurship, Future Ready, Innovation",Future Ready Challenge,Draft,,,,,,
Education,Instructional Strategy,Systems vs Humans,"If you can predict what your class will look like two months from now, you are a WRDR teacher!","The Wash, Rinse, Dry, Repeat cycle kills the soul of learning. If it's boring to you, it's boring to them. Take a risk. Try a crazy, weird lesson. Outliers are the only ones students never forget.",TikTok,Cinematic B-Roll,Intense,TikTok Hook,"WRDR, Engagement, Teaching",Future Ready Challenge,Draft,,,,,,
Education,Assessment,Human Systems,Grades are relics from a less enlightened age.,A symbol like 'A' or 'B' doesn't reveal if the child has mastered the skill. We must assess mastery through real-world usage of that skill. There is no multiple choice in the real world.,LinkedIn,Quote Card,Provocative,LinkedIn Post,"Assessment Reform, Mastery, Grading",Future Ready Challenge,Draft,,,,,,
Education,Teacher Mindset,Systems vs Humans,Dont teach your students the way you were taught; teach them the way they need to learn!,"We did it to make a difference in our students' lives, not to revert back to the days of the packet professor. Do what you do best—no excuses. Emulate the business world of today in your classroom.",Facebook,Talking Head Video,Compassionate,Facebook Post,"Teaching Style, Motivation, Reform",Future Ready Challenge,Draft,,,,,,
Modern Childhood,Digital Literacy,Future of Learning,"Once they fall behind on the latest technologies, the learning curve will make it difficult to catch up.",Digital literacy refers to our ability to use current and future technologies. Preparing workers for the 21st century means knowing what technology is available and how to use it to accomplish any task.,TikTok,Talking Head Video,Future-Focused,TikTok Hook,"Digital Literacy, Technology, Lifelong Learning",Future Ready Challenge,Draft,,,,,,
Education,Reform,Systems vs Humans,Futurists realize if we don’t start making changes now we are going to start losing the next generation.,First graders will only be in eleventh grade in ten years—not even ready to enter the workforce. Children equipped with 21st-century skills will be the leaders of tomorrow’s technological breakthroughs.,LinkedIn,Text Overlay,Future-Focused,LinkedIn Post,"Futurism, Future Ready, Workforce",Future Ready Challenge,Draft,,,,,,
Education,Student Agency,Human Systems,Student-centered learning means putting the student at the center of every decision we make.,"Shifting the cultural mindset to focus on the needs of the students is the key. Enrichment activities, learning stations, and small groups ensure every student is being challenged at their level at all times.",LinkedIn,Quote Card,Future-Focused,LinkedIn Post,"Student Centered, Differentiated Instruction, Agency",Future Ready Challenge,Draft,,,,,,
Modern Childhood,Cyber Universe,Quiet Signals,Digital citizenship encompasses everything from understanding digital laws to becoming curators of responsible information.,"We want our students to act and behave as they would as a physical citizen. Posting blogs, images, and engaging in conversations—every digital action has a real-world consequence.",Facebook,Quote Card,Thoughtful,Facebook Post,"Digital Citizenship, Cyber Ethics, Reputation",Future Ready Challenge,Draft,,,,,,
Education,Creative Autonomy,Emotional Architecture,The best way to allow our students to be creative is not to give them a process!,"Give them a room, materials, and a concept—then get out of the way. As soon as we have boundaries, creativity becomes managed. Reject the notion of coloring inside the lines if you want their genius to soar.",Instagram,Cinematic B-Roll,Intense,Reel Concept,"Makerspace, Creativity, Autonomy",Future Ready Challenge,Draft,,,,,,
Relationships,Collaboration,Built for Connection,The ability to collaborate with multiple people in multiple locations will be a must.,Our children must be able to lead and follow in a global environment where they share ideas across countries and cultures. Cultural sensitivity isn't a 'soft skill'—it's a valued currency in a global society.,LinkedIn,Quote Card,Future-Focused,Quote Graphic,"Collaboration, Global Society, Leadership",Future Ready Challenge,Draft,,,,,,
Education,Curriculum,Systems vs Humans,"Instead of the textbook, find current resources on the internet. You will find you have wings.","The textbook was meant to be a tool, not a curriculum. Many are outdated before they even leave the printer. When you stop planning around a table of contents, you give yourself permission to be a creative teacher again.",Newsletter,Whiteboard Explanation,Hopeful,Newsletter Seed,"Outdated Textbooks, Creative Freedom, EdTech",Future Ready Challenge,Draft,,,,,,
Modern Childhood,Future Tech,AI & Humanity,Our first graders will only be in eleventh grade in ten years—not even ready to enter the workforce!,"Think about the technologies that didn't exist ten years ago: augmented reality, nanobots, fuel-cell vehicles. We aren't preparing kids for the world of today; we are preparing them for a world we can't yet envision.",Instagram,Cinematic B-Roll,Future-Focused,Reel Concept,"Future Tech, Workforce Prep, Innovation",Future Ready Challenge,Draft,,,,,,
Education,Pedagogy,Future of Learning,Project-based learning engages your students and sparks their creativity.,There's always more learning going on within a thirty-minute project than a thirty-minute lecture. Let students work on projects and make discoveries for a meaningful experience.,Instagram,Simulation Clip,Hopeful,Reel Concept,"PBL, Student Engagement, Creativity",Future Ready Challenge,Draft,,,,,,
,,,,,,,,,,,,,,,,,
Education,Reform,Systems vs Humans,"""Our current educational system is set up to fail.""","Kids cannot possibly achieve long-term success if we don't address their future needs. We are still teaching the way we learned, without addressing the unknown.",LinkedIn,Text Overlay,Intense,LinkedIn Post,"Reform, Systemic Failure",Future Ready Challenge,,,,,,,
Modern Childhood,Habit Formation,Why Humans Do That,"""It takes 90 days to create new habits.""","Change isn't a weekend event. It takes 28 days for a pattern, but 90 days for a habit. We are breaking habits engrained for 200 years.",Instagram,Carousel,Reflective,Carousel,"Habits, Psychology",Future Ready Challenge,,,,,,,
Education,Institutional History,Human Systems,"""The school system was influenced by the factory, the prison, and the church.""","Factory uniformity, prison compliance, and church discipline. These are the models that built our classrooms, and they are holding us back from the age of creativity.",TikTok,Whiteboard Explanation,Provocative,TikTok Hook,"History, Compliance",Future Ready Challenge,,,,,,,
Leadership,Teamwork,Behavior Decoded,"""In the 21st century, the term 'follower' becomes obsolete.""",Collaborations require all individuals to step up and lead at some point. Teamwork takes leadership into a new dimension of shared responsibility.,LinkedIn,Quote Card,Future-Focused,Quote Graphic,"Leadership, Hierarchy",Future Ready Challenge,,,,,,,
Education,Curriculum,Emotional Architecture,"""We are engaged in a 'mile wide, inch deep' curriculum.""",We must selectively discard—turn off the lights—on content that is no longer worthwhile. We need room for in-depth learning.,Newsletter,Talking Head Video,Thoughtful,Newsletter Seed,"Depth, Focus",Future Ready Challenge,,,,,,,
Relationships,Conflict Resolution,Built for Connection,"""Criticism, like rain, should be gentle enough to nourish growth.""",We’ve become a society of the easily offended. Reclaiming the art of constructive feedback is the only way to sustain connection.,Facebook,Quote Card,Compassionate,Facebook Post,"Feedback, Resilience",Future Ready Challenge,,,,,,,
Education,Innovation,Music & Creativity,"""Before it can become fact, it must be fiction.""","Creativity allows us to explore the atypical. Innovation starts with the ""what-ifs."" If we don't color outside the lines, we become stagnant.",Instagram,Dark Atmospheric Video,Cinematic,Reel Concept,"Innovation, Fiction",Future Ready Challenge,,,,,,,
Education,Teacher Mindset,Systems vs Humans,"""If your students can anticipate the structure, you are a WRDR teacher.""","Wash, Rinse, Dry, Repeat. This factory mindset kills engagement. If it's boring to you, it's boring to them.",TikTok,Talking Head Video,Intense,TikTok Hook,"WRDR, Engagement",Future Ready Challenge,,,,,,,
Leadership,Integrity,Leadership Under Pressure,"""Integrity is doing the right thing even when no one is watching.""","When you close the classroom or boardroom door, your character is what's left. Lead the way they need to learn, not the way you were taught.",Instagram,Cinematic B-Roll,Intense,Video Hook,"Integrity, Ethics",Future Ready Challenge,,,,,,,
Modern Childhood,Digital Literacy,Quiet Signals,"""The internet is a fire hydrant fully open, gushing water.""",Your job is to find one droplet of truth in that explosion. Literacy is the ability to navigate the deluge without drowning in noise.,LinkedIn,Text Overlay,Reflective,LinkedIn Post,"Digital Age, Truth",Future Ready Challenge,,,,,,,
,,,,,,,,,,,,,,,,,
Education,Institutional Reform,Human Systems,"""Our schools are modeled after the factory, the prison, and the church.""","We prioritize uniformity from the factory, compliance from the prison, and discipline from the church . We are trying to force 21st-century creative minds through an 1892 cookie-cutter approach .",LinkedIn,Whiteboard Explanation,Provocative,LinkedIn Post,"Systems, History, Reform",Future Ready Challenge,,,,,,,
Modern Childhood,Digital Reality,Quiet Signals,"""The Internet is a gushing fire hydrant. Your truth is a single droplet in the explosion.""","Information literacy isn't about finding data; it's about the ability to identify and evaluate quality information in a waterfall of noise . Without it, kids are forced into superficiality.",Instagram,Cinematic B-Roll,Intense,Reel Concept,"Literacy, Digital Age",Future Ready Challenge,,,,,,,
Leadership,Team Dynamics,Behavior Decoded,"""The term 'follower' is officially obsolete.""","In modern systems, collaborations require everyone to serve as a leader at some point . Leadership isn't a fixed position; it's a rotating responsibility based on the moment's needs.",LinkedIn,Quote Card,Future-Focused,Quote Graphic,"Leadership, Hierarchy",Future Ready Challenge,,,,,,,
Education,Teacher Mindset,Systems vs Humans,"""If your students can anticipate the structure, the learning is already dead.""","The WRDR (Wash, Rinse, Dry, Repeat) cycle is a relic of the Industrial Revolution . If a lesson is predictable and boring to you, it is 100% boring to them .",TikTok,Talking Head Video,Intense,TikTok Hook,"WRDR, Engagement",Future Ready Challenge,,,,,,,
Relationships,Conflict Resolution,Built for Connection,"""Criticism should be like rain—gentle enough to nourish growth without destroying roots.""",We have become a society of the easily offended because we never learned the art of constructive feedback . True connection requires the ability to critique without tearing down .,Facebook,Quote Card,Compassionate,Facebook Post,"Feedback, Resilience",Future Ready Challenge,,,,,,,
Education,Curriculum Design,Emotional Architecture,"""It is time for 'Lights Out' on the mile-wide, inch-deep curriculum.""",We are suffering from content overload . We must selectively discard content that is no longer realistic or worthwhile to make room for in-depth mastery .,Newsletter,Whiteboard Explanation,Thoughtful,Newsletter Seed,"Depth, Focus, Mastery",Future Ready Challenge,,,,,,,
Modern Childhood,Future Ready,AI & Humanity,"""First graders today won't enter the workforce for another decade. We have no idea what they’ll face.""","Ten years ago, nanobots and augmented reality weren't part of the conversation . We aren't preparing kids for the world of today, but for a world we cannot yet envision.",Instagram,Cinematic B-Roll,Future-Focused,Reel Concept,"Futurism, Workforce",Future Ready Challenge,,,,,,,
Education,Agency,Human Systems,"""The scholar dictates their instruction based on passion, not a syllabus.""","Genius Hour and 20-Time models fulfill the autonomous, inquiry-based experiences crucial for modern life . We must help learners go beyond us to become experts in topics that don't exist yet .",LinkedIn,Quote Card,Future-Focused,LinkedIn Post,"Autonomy, Agency",Future Ready Challenge,,,,,,,
Leadership,Integrity,Leadership Under Pressure,"""Integrity is doing the right thing for the humans in front of you, regardless of the bureaucracy.""","When you close the door, teach them—or lead them—the way they need to learn, not the way you were taught . No excuses.",Instagram,Dark Atmospheric Video,Intense,Video Hook,"Integrity, Leadership",Future Ready Challenge,,,,,,,
Education,Assessment,Human Systems,"""Letter grades are useless symbols from a less enlightened age.""",A grade doesn't prove mastery; it proves compliance with a test . Real-world success doesn't offer multiple-choice answers; it requires real-world usage .,LinkedIn,Quote Card,Provocative,LinkedIn Post,"Grading, Mastery",Future Ready Challenge,,,,,,,
Music & Creativity,Innovation,Emotional Architecture,"""Before it can become fact, it must first be fiction.""","Creativity is the building block of the new. Without the 'What If' thinkers who color outside the lines, we become stagnant and stuck in what is .",Instagram,Dark Atmospheric Video,Cinematic,Reel Concept,"Innovation, Creativity",Future Ready Challenge,,,,,,,
Modern Childhood,Digital Morality,Quiet Signals,"""Technology allows us to be in two places at once—a parallel universe.""",Digital citizenship must be as commonplace as physical citizenship . Our presence in the cyber world is as significant as our presence in the physical world.,TikTok,Cinematic B-Roll,Reflective,TikTok Hook,"Identity, Ethics",Future Ready Challenge,,,,,,,
Education,Pedagogy,Systems vs Humans,"""Project-based learning isn't the dessert; it is the main course.""",Learning isn't done after the information is gathered; it is the process of gathering it . 30 minutes of discovery beats 30 minutes of lecture every time.,Facebook,Simulation Clip,Hopeful,Facebook Post,"PBL, Engagement",Future Ready Challenge,,,,,,,
Leadership,Networking,Human Systems,"""If we want students to understand networking, we must model the connectivity ourselves.""","The 'sole keeper of content' era is over . We must reach out across the globe, share our experiences, and raise the professional bar for everyone .",LinkedIn,Talking Head Video,Professional,LinkedIn Post,"Networking, PD",Future Ready Challenge,,,,,,,
Education,Entrepreneurship,Human Systems,"""Even tomorrow’s middle class will be entrepreneurs.""",Entrepreneurship isn't for a select few; it's the engine of economic growth . We must teach kids to bring ideas to fruition and answer: 'What does the world need next?' .,LinkedIn,Text Overlay,Intense,LinkedIn Post,"Entrepreneurship, Growth",Future Ready Challenge,,,,,,,
Modern Childhood,Habitation,Why Humans Do That,"""It takes 28 days for a pattern, but 90 days for a habit.""","Change is a semester-long journey, not a weekend workshop. Breaking habits engrained for 200 years requires a consistent, 18-week shift in the nervous system.",Instagram,Carousel,Reflective,Carousel,"Habits, Psychology",Future Ready Challenge,,,,,,,
Education,Teacher Mindset,Systems vs Humans,"""Just because it's in a textbook doesn't mean it's the best lesson for your students.""","Textbooks are tools, not the curriculum. The best lessons come from the creative mind of a teacher who dares to deviate .",TikTok,Talking Head Video,Provocative,TikTok Hook,"Innovation, Teaching",Future Ready Challenge,,,,,,,
Relationships,Feedback,Built for Connection,"""Compliments, Suggestions, and Corrections: The architecture of peer review.""","We must teach kids how to help one another, not tear each other down. Analytical feedback is the foundation of 21st-century collaboration.",LinkedIn,Quote Card,Compassionate,Quote Graphic,"Collaboration, Soft Skills",Future Ready Challenge,,,,,,,
Education,Creative Autonomy,Emotional Architecture,"""The best way to foster creativity is to give them materials and then get out of the way.""","As soon as you add boundaries and rules, creativity becomes 'managed' . Reject coloring inside the lines to let genius soar.",Instagram,Cinematic B-Roll,Intense,Reel Concept,"Autonomy, Genius",Future Ready Challenge,,,,,,,
Education,Reform,Systems vs Humans,"""Reform isn't about data; it's about connecting the dots.""",Possessing information and connecting the dots are two very different things. Reform is about equipping children to be the creative innovators we know they are.,LinkedIn,Text Overlay,Intense,LinkedIn Post,"Innovation, Reform",Future Ready Challenge,,,,,,,
,,,,,,,,,,,,,,,,,
Education,Assessment,TOOHAK!,"""True mastery happens when you flip the architecture of the review.""","Case Study: Instead of the teacher creating the test, the students build the questions . When they are responsible for the knowledge structure, their own understanding grows exponentially .",LinkedIn,Whiteboard Explanation,Provocative,LinkedIn Post,"Active Learning, TOOHAK, Mastery",Future Ready Challenge,,,,,,,
Education,Contextual Learning,Systems vs Humans,"""Context is the bridge that content cannot build on its own.""","Case Study: Rural students in West Virginia couldn't connect with a manatee in a textbook . By using YouTube and interactive simulations, we transformed an abstract concept into a visceral experience .",Facebook,Carousel,Compassionate,Facebook Post,"Context, Rural Education, EdTech",Future Ready Challenge,,,,,,,
Education,Data Literacy,Future of Learning,"""Real science is a verb, not a chapter in a book.""",Case Study: Raising brook trout in a classroom taught students more about problem-solving than a semester of lectures . They didn't just 'study' data; they adjusted variables to keep a living system alive .,LinkedIn,Simulation Clip,Intense,LinkedIn Post,"Science, Data, Problem Solving",Future Ready Challenge,,,,,,,
Modern Childhood,Future Ready,AI & Humanity,"""We are preparing children for work that does not yet exist and cannot be defined.""","Drucker was right: a practical education must prepare a person for the unknown. If we focus on fixed skills, we prepare them for obsolescence.",Instagram,Cinematic B-Roll,Future-Focused,Reel Concept,"Futurism, Peter Drucker, Strategy",Future Ready Challenge,,,,,,,
Education,Literacy,Student Agency,"""Literature circles are socialization engines, not just reading blocks.""","When you trust the process and let students dictate their own roles, engagement spikes. They don't read because they have to; they read because they don't want to let their circle down.",Instagram,Quote Card,Hopeful,Quote Graphic,"Literacy, Trust, Social Learning",Future Ready Challenge,,,,,,,
Education,Reform,Systems vs Humans,"""Progress is impossible without a willingness to change your mind.""","George Bernard Shaw noted that those who cannot change their minds cannot change anything. In education, our greatest hurdle isn't technology—it's our attachment to 200-year-old habits.",LinkedIn,Text Overlay,Provocative,LinkedIn Post,"Change, Psychology, Shaw",Future Ready Challenge,,,,,,,
Education,Teacher Mindset,Built for Connection,"""Is it boring to you? Then it is guaranteed to be boring to them.""","We forget that the teacher's energy is the primary filter for the content . If we are just going through the motions of the WRDR cycle, we are teaching them to check out .",TikTok,Talking Head Video,Intense,TikTok Hook,"WRDR, Energy, Teaching",Future Ready Challenge,,,,,,,
Modern Childhood,Digital Citizenship,Quiet Signals,"""The Internet is a parallel universe where Character still counts.""",We need to teach respect for the digital world as much as the physical . Your digital footprint is a reputation that never stops walking.,Facebook,Quote Card,Thoughtful,Facebook Post,"Digital Footprint, Reputation",Future Ready Challenge,,,,,,,
Leadership,Collaboration,Behavior Decoded,"""Shared responsibility is the only way to navigate a global society.""",Collaboration isn't just 'working together'; it's understanding the benefit of multiple minds working toward a common goal on a grand scale .,LinkedIn,Text Overlay,Professional,LinkedIn Post,"Global Scale, Teamwork",Future Ready Challenge,,,,,,,
Education,Innovation,Music & Creativity,"""Before it can become fact, it must first be fiction.""","Creativity isn't an elective; it’s the building block of what’s next. If we don't allow students to explore the outlandish 'what-ifs,' we lock them in a stagnant present.",Instagram,Dark Atmospheric Video,Cinematic,Reel Concept,"Innovation, Future Thinking",Future Ready Challenge,,,,,,,
Modern Childhood,Information Literacy,Quiet Signals,"""Identifying the quality pieces in a mountain of noise is a curator's skill.""","We have the advantage of being the 'curators of the museum'. We don't need to reinvent the wheel; we need to sift, locate, and create solutions from what's already there .",LinkedIn,Whiteboard Explanation,Thoughtful,LinkedIn Post,"Curation, Information Literacy",Future Ready Challenge,,,,,,,
Relationships,Communication,Built for Connection,"""Intellectual disagreement should never be a personal attack.""","True debate is based on research and intellect, not negativity . We must create safe havens where even the least confident can share an idea without fear.",Instagram,Quote Card,Compassionate,Quote Graphic,"Debate, Psychological Safety",Future Ready Challenge,,,,,,,
Education,Curriculum,Systems vs Humans,"""A mile wide and an inch deep—the recipe for academic exhaustion.""",We suffer from an overload of content because we never let go of the old . Selective discarding isn't an option; it's a necessity for depth .,Newsletter,Talking Head Video,Thoughtful,Newsletter Seed,"Focus, Depth, Content Overload",Future Ready Challenge,,,,,,,
Leadership,Integrity,Leadership Under Pressure,"""Integrity is the choice you make when the door is closed and the bureaucracy is silent.""","C.S. Lewis defined it: doing the right thing when no one is watching. In the classroom, that means teaching the way they need to learn, no matter what .",Instagram,Dark Atmospheric Video,Intense,Video Hook,"Ethics, C.S. Lewis, Leadership",Future Ready Challenge,,,,,,,
Education,Assessment,Human Systems,"""The real world doesn't give you multiple choice.""",Adult life doesn't provide five possible answers . We must assess understanding through real-world format and project-based mastery.,LinkedIn,Quote Card,Provocative,LinkedIn Post,"Mastery, Assessments",Future Ready Challenge,,,,,,,
Education,Entrepreneurship,Human Systems,"""Entrepreneurship revs the engine of economic growth.""",We are counting on students to answer: What does the world need next? . Stagnation ends when passion for creating 'new' begins.,LinkedIn,Text Overlay,Intense,LinkedIn Post,"Growth, Entrepreneurship",Future Ready Challenge,,,,,,,
Modern Childhood,Habit Formation,Why Humans Do That,"""90 days to create a habit. 18 weeks to change a system.""",Breaking 200-year-old habits requires more than a memo; it requires a consistent semester-long shift in behavior.,Instagram,Carousel,Reflective,Carousel,"Change Management, Habits",Future Ready Challenge,,,,,,,
Education,Teacher Mindset,Systems vs Humans,"""Don't reinvent the wheel—network for inspiration.""",Great teachers share their experiences . Use the power of networking to learn amazing things and model that curiosity for your students .,LinkedIn,Talking Head Video,Professional,LinkedIn Post,"Networking, Collaboration",Future Ready Challenge,,,,,,,
Education,Student Agency,Human Systems,"""Genius Hour: Autonomy is the ultimate engagement tool.""",Inquiry-based learning is the only way to prepare for an unknown future. Allow them to dictate their instruction based on their needs.,Instagram,Simulation Clip,Hopeful,Reel Concept,"Genius Hour, Autonomy",Future Ready Challenge,,,,,,,
Education,Innovation,Systems vs Humans,"""Coloring outside the lines is a survival skill.""","Rejecting boundaries allows creativity to soar. When we remove the 'process,' we make room for the invention .",TikTok,Cinematic B-Roll,Intense,TikTok Hook,"Creativity, Invention",Future Ready Challenge,,,,,,,
,,,,,,,,,,,,,,,,,
Education,Assessment,TOOHAK!,"""True mastery happens when you flip the architecture of the review.""","Case Study: Instead of the teacher creating the test, the students build the questions . When they are responsible for the knowledge structure, their own understanding grows exponentially .",LinkedIn,Whiteboard Explanation,Provocative,LinkedIn Post,"Active Learning, TOOHAK, Mastery",Future Ready Challenge,,,,,,,
Education,Contextual Learning,Systems vs Humans,"""Context is the bridge that content cannot build on its own.""","Case Study: Rural students in West Virginia couldn't connect with a manatee in a textbook . By using YouTube and interactive simulations, we transformed an abstract concept into a visceral experience .",Facebook,Carousel,Compassionate,Facebook Post,"Context, Rural Education, EdTech",Future Ready Challenge,,,,,,,
Education,Data Literacy,Future of Learning,"""Real science is a verb, not a chapter in a book.""",Case Study: Raising brook trout in a classroom taught students more about problem-solving than a semester of lectures . They didn't just 'study' data; they adjusted variables to keep a living system alive .,LinkedIn,Simulation Clip,Intense,LinkedIn Post,"Science, Data, Problem Solving",Future Ready Challenge,,,,,,,
Modern Childhood,Future Ready,AI & Humanity,"""We are preparing children for work that does not yet exist and cannot be defined.""","Drucker was right: a practical education must prepare a person for the unknown. If we focus on fixed skills, we prepare them for obsolescence.",Instagram,Cinematic B-Roll,Future-Focused,Reel Concept,"Futurism, Peter Drucker, Strategy",Future Ready Challenge,,,,,,,
Education,Literacy,Student Agency,"""Literature circles are socialization engines, not just reading blocks.""","When you trust the process and let students dictate their own roles, engagement spikes. They don't read because they have to; they read because they don't want to let their circle down.",Instagram,Quote Card,Hopeful,Quote Graphic,"Literacy, Trust, Social Learning",Future Ready Challenge,,,,,,,
Education,Reform,Systems vs Humans,"""Progress is impossible without a willingness to change your mind.""","George Bernard Shaw noted that those who cannot change their minds cannot change anything. In education, our greatest hurdle isn't technology—it's our attachment to 200-year-old habits.",LinkedIn,Text Overlay,Provocative,LinkedIn Post,"Change, Psychology, Shaw",Future Ready Challenge,,,,,,,
Education,Teacher Mindset,Built for Connection,"""Is it boring to you? Then it is guaranteed to be boring to them.""","We forget that the teacher's energy is the primary filter for the content . If we are just going through the motions of the WRDR cycle, we are teaching them to check out .",TikTok,Talking Head Video,Intense,TikTok Hook,"WRDR, Energy, Teaching",Future Ready Challenge,,,,,,,
Modern Childhood,Digital Citizenship,Quiet Signals,"""The Internet is a parallel universe where Character still counts.""",We need to teach respect for the digital world as much as the physical . Your digital footprint is a reputation that never stops walking.,Facebook,Quote Card,Thoughtful,Facebook Post,"Digital Footprint, Reputation",Future Ready Challenge,,,,,,,
Leadership,Collaboration,Behavior Decoded,"""Shared responsibility is the only way to navigate a global society.""",Collaboration isn't just 'working together'; it's understanding the benefit of multiple minds working toward a common goal on a grand scale .,LinkedIn,Text Overlay,Professional,LinkedIn Post,"Global Scale, Teamwork",Future Ready Challenge,,,,,,,
Education,Innovation,Music & Creativity,"""Before it can become fact, it must first be fiction.""","Creativity isn't an elective; it’s the building block of what’s next. If we don't allow students to explore the outlandish 'what-ifs,' we lock them in a stagnant present.",Instagram,Dark Atmospheric Video,Cinematic,Reel Concept,"Innovation, Future Thinking",Future Ready Challenge,,,,,,,
Modern Childhood,Information Literacy,Quiet Signals,"""Identifying the quality pieces in a mountain of noise is a curator's skill.""","We have the advantage of being the 'curators of the museum'. We don't need to reinvent the wheel; we need to sift, locate, and create solutions from what's already there .",LinkedIn,Whiteboard Explanation,Thoughtful,LinkedIn Post,"Curation, Information Literacy",Future Ready Challenge,,,,,,,
Relationships,Communication,Built for Connection,"""Intellectual disagreement should never be a personal attack.""","True debate is based on research and intellect, not negativity . We must create safe havens where even the least confident can share an idea without fear.",Instagram,Quote Card,Compassionate,Quote Graphic,"Debate, Psychological Safety",Future Ready Challenge,,,,,,,
Education,Curriculum,Systems vs Humans,"""A mile wide and an inch deep—the recipe for academic exhaustion.""",We suffer from an overload of content because we never let go of the old . Selective discarding isn't an option; it's a necessity for depth .,Newsletter,Talking Head Video,Thoughtful,Newsletter Seed,"Focus, Depth, Content Overload",Future Ready Challenge,,,,,,,
Leadership,Integrity,Leadership Under Pressure,"""Integrity is the choice you make when the door is closed and the bureaucracy is silent.""","C.S. Lewis defined it: doing the right thing when no one is watching. In the classroom, that means teaching the way they need to learn, no matter what .",Instagram,Dark Atmospheric Video,Intense,Video Hook,"Ethics, C.S. Lewis, Leadership",Future Ready Challenge,,,,,,,
Education,Assessment,Human Systems,"""The real world doesn't give you multiple choice.""",Adult life doesn't provide five possible answers . We must assess understanding through real-world format and project-based mastery.,LinkedIn,Quote Card,Provocative,LinkedIn Post,"Mastery, Assessments",Future Ready Challenge,,,,,,,
Education,Entrepreneurship,Human Systems,"""Entrepreneurship revs the engine of economic growth.""",We are counting on students to answer: What does the world need next? . Stagnation ends when passion for creating 'new' begins.,LinkedIn,Text Overlay,Intense,LinkedIn Post,"Growth, Entrepreneurship",Future Ready Challenge,,,,,,,
Modern Childhood,Habit Formation,Why Humans Do That,"""90 days to create a habit. 18 weeks to change a system.""",Breaking 200-year-old habits requires more than a memo; it requires a consistent semester-long shift in behavior.,Instagram,Carousel,Reflective,Carousel,"Change Management, Habits",Future Ready Challenge,,,,,,,
Education,Teacher Mindset,Systems vs Humans,"""Don't reinvent the wheel—network for inspiration.""",Great teachers share their experiences . Use the power of networking to learn amazing things and model that curiosity for your students .,LinkedIn,Talking Head Video,Professional,LinkedIn Post,"Networking, Collaboration",Future Ready Challenge,,,,,,,
Education,Student Agency,Human Systems,"""Genius Hour: Autonomy is the ultimate engagement tool.""",Inquiry-based learning is the only way to prepare for an unknown future. Allow them to dictate their instruction based on their needs.,Instagram,Simulation Clip,Hopeful,Reel Concept,"Genius Hour, Autonomy",Future Ready Challenge,,,,,,,
Education,Innovation,Systems vs Humans,"""Coloring outside the lines is a survival skill.""","Rejecting boundaries allows creativity to soar. When we remove the 'process,' we make room for the invention .",TikTok,Cinematic B-Roll,Intense,TikTok Hook,"Creativity, Invention",Future Ready Challenge,,,,,,,
,,,,,,,,,,,,,,,,,
Education,Reform,Human Systems,"""The 18-week challenge is about breaking habits engrained for two hundred years.""",Systemic change isn't a pivot; it's a marathon. We aren't just changing a curriculum; we are rewiring the nervous system of an institution that has prioritized factory-style compliance since 1892.,LinkedIn,Whiteboard Explanation,Intense,LinkedIn Post,"Habit Formation, Institutional Reform",Future Ready Challenge,,,,,,,
Modern Childhood,Digital Ethics,Quiet Signals,"""Your digital footprint is a reputation that never stops walking.""","Digital citizenship is the quality of habits and consumption patterns that impact the digital ecology. We must teach kids to respect the virtual world as much as the physical world, because in the cyber universe, there is no 'delete' for character.",Instagram,Dark Atmospheric Video,Reflective,Reel Concept,"Digital Footprint, Reputation, Ethics",Future Ready Challenge,,,,,,,
Leadership,Teamwork,Behavior Decoded,"""Followers are becoming a historical curiosity.""","In the Conceptual Age, collaborations require every individual to serve as a leader at some point. Hierarchy is being replaced by strategic partnerships that inspire and motivate toward a common goal.",LinkedIn,Text Overlay,Professional,LinkedIn Post,"Leadership, Conceptual Age, Collaboration",Future Ready Challenge,,,,,,,
Education,Mastery,Human Systems,"""Adults are never given a problem with five possible answers.""","Multiple-choice testing is a fiction we’ve maintained for a century. True 21st-century competence is assessed through real-world usage and project-based mastery, not useless symbols like letter grades .",LinkedIn,Quote Card,Provocative,LinkedIn Post,"Assessment Reform, Mastery",Future Ready Challenge,,,,,,,
Relationships,Feedback,Built for Connection,"""Compliments, Suggestions, and Corrections: The nourishing rain of growth.""","Peer review is the process of sharing creative work to improve it, not to tear it down. By modeling analytical, kind feedback, we build the foundation for a society that can disagree without going for the jugular.",LinkedIn,Quote Card,Compassionate,Quote Graphic,"Feedback, Soft Skills, Empathy",Future Ready Challenge,,,,,,,
Education,Entrepreneurship,Human Systems,"""Even the middle class must now be drivers of economic growth.""",Entrepreneurship concerns the very engine of our economy. We need students coming out of school with a passion for creating 'new' and the ability to bring ideas to fruition.,LinkedIn,Text Overlay,Intense,LinkedIn Post,"Entrepreneurship, Economy",Future Ready Challenge,,,,,,,
Modern Childhood,Cyber Universe,Quiet Signals,"""We are raising citizens of a parallel universe.""","Technology allows us to be in two places at once . Digital citizenship must be embraced by educators as a way of thinking, incorporated into every aspect of life.",TikTok,Cinematic B-Roll,Reflective,TikTok Hook,"Cyber Universe, Identity",Future Ready Challenge,,,,,,,
Education,Creativity,Music & Creativity,"""Before it can become fact, it must first be fiction.""","Creativity isn't an elective; it’s how we explore things that aren't typical. Without the 'What If' thinkers, we become stagnant and stuck in a world that no longer exists.",Instagram,Dark Atmospheric Video,Cinematic,Reel Concept,"Creativity, Innovation",Future Ready Challenge,,,,,,,
Leadership,Communication,Behavior Decoded,"""The mode of communication is changing, but the need for clarity is permanent.""","Video conferencing and social media are the new factory lines . If we cannot communicate fluidly and clearly on a global scale, we are at an immediate disadvantage.",TikTok,Talking Head Video,Future-Focused,TikTok Hook,"Global Society, Communication",Future Ready Challenge,,,,,,,
Education,Instructional Strategy,Systems vs Humans,"""The WRDR cycle: Wash, Rinse, Dry, Repeat. The death of engagement.""","If you can predict what your class looks like two months from now, you are a factory worker, not a teacher. Break the loop. Outliers are the only things students never forget.",TikTok,Talking Head Video,Intense,TikTok Hook,"WRDR, Engagement",Future Ready Challenge,,,,,,,
Leadership,Integrity,Leadership Under Pressure,"""Integrity is the choice made when the door is closed.""","Do what you do best—no excuses. Teach the way they need to learn, not the way you were taught. Reform starts in the quiet moments of daily practice.",Instagram,Cinematic B-Roll,Intense,Video Hook,"Integrity, Professionalism",Future Ready Challenge,,,,,,,
,,,,,,,,,,,,,,,,,
Pillar,Subtopic,Series Name,Hook / Quote,Expanded Caption or Thought,Suggested Platform,Suggested Visual Type,Emotional Tone,Content Type,Keywords,Source Document,Status,,,,,,
Education,Future Thinking,Future of Learning,We are raising innovative thinkers. Conformity is a thing of the past.,"The future will not reward students for memorizing the same answers as everyone else. It will reward students who can imagine, create, adapt, and innovate.",LinkedIn,Text Overlay,Future-Focused,LinkedIn Post,"Innovation, Creativity, Future Learning",Motivating the Reluctant Reader Using Technology,Draft,,,,,,
Education,Future Jobs,Future of Learning,The reluctant reader jobs of the past may very well be obsolete by the time our students enter the workforce.,"The future economy will not protect students who struggle to communicate, learn independently, and adapt. Literacy is no longer optional survival equipment.",LinkedIn,Talking Head Video,Provocative,LinkedIn Post,"Future Jobs, Literacy, Workforce",Motivating the Reluctant Reader Using Technology,Draft,,,,,,
Modern Childhood,Media Exposure,Systems vs Humans,Children are experts on movie release dates but often unaware of new books.,We market entertainment aggressively and wonder why books struggle to compete for attention. Exposure shapes interest.,LinkedIn,Talking Head Video,Provocative,LinkedIn Post,"Media, Books, Attention Economy",Motivating the Reluctant Reader Using Technology,Draft,,,,,,
Education,Reading Motivation,Why Humans Do That,You can’t be interested in something you don’t even know exists.,Children are not avoiding books because they hate learning. Many simply haven’t been introduced to stories that truly connect with them.,Instagram,Text Overlay,Reflective,Quote Graphic,"Reading, Curiosity, Motivation",Motivating the Reluctant Reader Using Technology,Draft,,,,,,
Relationships,Connection,Built for Connection,The conversation after the book may be as important as the book itself.,Humans are wired for shared meaning. Discussion transforms reading from solitary consumption into emotional connection.,Facebook,Minimal Graphic,Compassionate,Short-form Reflection,"Connection, Discussion, Belonging",Motivating the Reluctant Reader Using Technology,Draft,,,,,,
AI & Humanity,Creative Expression,AI & Humanity,"Technology has taken the writing process to the extreme through blogs, forums, and digital publishing.","The modern student is no longer just a consumer of ideas. They are a potential publisher, creator, and global communicator.",LinkedIn,AI Futurist Graphic,Future-Focused,LinkedIn Post,"Digital Writing, Publishing, Technology",Motivating the Reluctant Reader Using Technology,Draft,,,,,,
Leadership,Innovation,Leadership Under Pressure,Technology should not replace imagination. It should amplify it.,"The best educational technology does not automate children into passivity. It expands their ability to create, connect, and express themselves.",LinkedIn,Minimal Graphic,Hopeful,LinkedIn Post,"Innovation, Creativity, Technology",Motivating the Reluctant Reader Using Technology,Draft,,,,,,
,,,,,,,,,,,,,,,,,
Education,Future Thinking,Future of Learning,We are raising innovative thinkers. Conformity is a thing of the past.,"The future will reward adaptability, creativity, and imagination far more than memorization and obedience.",LinkedIn,Text Overlay,Future-Focused,LinkedIn Post,"Innovation, Creativity, Future Learning",Motivating the Reluctant Reader Using Technology,Draft,,,,,,
Education,Future Jobs,Future of Learning,The reluctant reader jobs of the past may very well be obsolete by the time our students enter the workforce.,"The world students are entering will demand constant learning, communication, and adaptation. Literacy is survival infrastructure now.",LinkedIn,Talking Head Video,Provocative,LinkedIn Post,"Future Jobs, Literacy, Workforce",Motivating the Reluctant Reader Using Technology,Draft,,,,,,
Modern Childhood,Digital Reality,Systems vs Humans,"Technology now demands that our students not only be proficient learners, but proficient readers.",Every modern platform still depends on literacy. Technology didn’t eliminate reading. It multiplied the need for it.,LinkedIn,Text Overlay,Reflective,LinkedIn Post,"Literacy, Technology, Future Skills",Motivating the Reluctant Reader Using Technology,Draft,,,,,,
Leadership,Global Collaboration,Leadership Under Pressure,"In the 21st century, students will likely collaborate with colleagues across the world, not the cubicle beside them.",Schools built around isolated work are preparing students for a world that no longer exists.,Connection is now global.,LinkedIn,Minimal Graphic,Future-Focused,LinkedIn Post,"Global Collaboration, Leadership, Communication",Motivating the Reluctant Reader Using Technology,Draft,,,,,
Education,Communication Skills,Systems vs Humans,It is no longer acceptable to assume that a child’s strength in math or science can compensate for weak communication skills.,"The future belongs to people who can explain ideas clearly, communicate across disciplines, and collaborate with others.",LinkedIn,Quote Card,Thoughtful,LinkedIn Post,"Communication, Future Learning, Leadership",Motivating the Reluctant Reader Using Technology,Draft,,,,,,
Modern Childhood,Knowledge Economy,Human Signals,"We now live in a knowledge economic state, where knowledge is more important than money.","The challenge is no longer access to information. The challenge is learning how to manage, filter, and evaluate it wisely.",LinkedIn,Text Overlay,Reflective,Short-form Reflection,"Knowledge Economy, Information Literacy",Motivating the Reluctant Reader Using Technology,Draft,,,,,,
Education,Reading Motivation,Emotional Architecture,We can’t expect our children to develop a love of reading if we don’t provide them with inspiration for doing so.,Motivation is emotional before it is academic. Students engage when something feels meaningful to them personally.,Facebook,Quote Card,Compassionate,Quote Graphic,"Reading Motivation, Inspiration",Motivating the Reluctant Reader Using Technology,Draft,,,,,,
Modern Childhood,Entertainment Culture,Systems vs Humans,Children are experts on movie release dates but often unaware of new books.,Entire industries aggressively market entertainment to children while books often rely on passive exposure. Attention shapes identity.,LinkedIn,Talking Head Video,Provocative,LinkedIn Post,"Attention Economy, Books, Media",Motivating the Reluctant Reader Using Technology,Draft,,,,,,
Education,Curiosity,Why Humans Do That,You can’t be interested in something you don’t even know exists.,Curiosity usually begins with exposure. Many children simply haven’t encountered material that emotionally connects with them yet.,Instagram,Text Overlay,Reflective,Quote Graphic,"Curiosity, Reading, Exposure",Motivating the Reluctant Reader Using Technology,Draft,,,,,,
Leadership,Engagement,Leadership Under Pressure,"If the lesson is boring to you, it’s definitely boring to them.",Students feel emotional energy immediately. Engagement is often less about curriculum and more about human presence.,LinkedIn,Talking Head Video,Intense,LinkedIn Post,"Engagement, Teaching, Leadership",Motivating the Reluctant Reader Using Technology,Draft,,,,,,
Education,Reading Identity,Emotional Architecture,One of the most important responsibilities of an educator is helping students catch the desire to read.,The goal is not simply compliance with reading. The goal is emotional attachment to learning itself.,LinkedIn,Quote Card,Thoughtful,LinkedIn Post,"Reading Identity, Literacy",Motivating the Reluctant Reader Using Technology,Draft,,,,,,
Modern Childhood,Belonging,Built for Connection,"Children want to feel relevant, connected, and part of a group.",Belonging drives behavior more than adults realize. Learning becomes more powerful when it becomes social.,Instagram,Cinematic B-Roll,Emotional,Reel Concept,"Belonging, Connection, Motivation",Motivating the Reluctant Reader Using Technology,Draft,,,,,,
Relationships,Connection,Built for Connection,The conversation after the book may be as important as the book itself.,Humans are wired for shared meaning. Discussion transforms information into emotional connection.,Facebook,Minimal Graphic,Compassionate,Short-form Reflection,"Connection, Discussion, Belonging",Motivating the Reluctant Reader Using Technology,Draft,,,,,,
AI & Humanity,Connection,AI & Humanity,"Technology can help students form meaningful connections to make communication stronger, clearer, and wider.",The best technology expands humanity instead of replacing it.,LinkedIn,Text Overlay,Hopeful,LinkedIn Post,"Technology, Human Connection, AI",Motivating the Reluctant Reader Using Technology,Draft,,,,,,
Education,Independent Practice,Future of Learning,People who read more read better.,Skill development is usually repetition plus emotional investment over time.,LinkedIn,Quote Card,Reflective,Quote Graphic,"Literacy, Reading Practice",Motivating the Reluctant Reader Using Technology,Draft,,,,,,
Education,Differentiation,Systems vs Humans,"If struggling readers are consistently given books that are too difficult, they will learn to hate reading.",Challenge without emotional safety often creates shame instead of growth.,LinkedIn,Talking Head Video,Provocative,LinkedIn Post,"Differentiation, Reading, Education",Motivating the Reluctant Reader Using Technology,Draft,,,,,,
Modern Childhood,Exploration,Human Signals,"If a book captures a child’s attention, let them explore it.","Identity develops through curiosity, ownership, and discovery — not constant restriction.",Facebook,Quote Card,Compassionate,Quote Graphic,"Exploration, Curiosity, Identity",Motivating the Reluctant Reader Using Technology,Draft,,,,,,
AI & Humanity,Digital Future,Future of Learning,"Soon, all books may be available online or on handheld devices.",The barriers between learners and information are disappearing faster than schools are adapting.,LinkedIn,AI Futurist Graphic,Future-Focused,LinkedIn Post,"Digital Reading, Future Literacy",Motivating the Reluctant Reader Using Technology,Draft,,,,,,
Parenting,Child Motivation,Built for Connection,Try to be open to what is motivating your child and join them in those journeys.,Connection often begins when adults stop dismissing what children love and start exploring it with them.,Facebook,Cinematic B-Roll,Compassionate,Parenting Reflection,"Parenting, Curiosity, Connection",Motivating the Reluctant Reader Using Technology,Draft,,,,,,
Education,Ownership,Why Humans Do That,Reading becomes powerful when children feel ownership over it.,The fastest way to kill curiosity is over-control. Ownership creates emotional investment.,LinkedIn,Text Overlay,Thoughtful,LinkedIn Post,"Ownership, Reading, Motivation",Motivating the Reluctant Reader Using Technology,Draft,,,,,,
Education,Technology Integration,Future of Learning,"If we don’t use technology to facilitate learning experiences, we aren’t doing our jobs.",Technology is no longer optional in modern learning environments. It is part of students’ native language.,LinkedIn,Talking Head Video,Intense,LinkedIn Post,"Technology Integration, Future Schools",Motivating the Reluctant Reader Using Technology,Draft,,,,,,
Leadership,Professional Learning,Leadership Under Pressure,Social media can become instant professional development for educators.,The most powerful learning communities are no longer confined to buildings. They are global and immediate.,LinkedIn,Text Overlay,Future-Focused,LinkedIn Post,"Professional Development, Social Media",Motivating the Reluctant Reader Using Technology,Draft,,,,,,
Modern Childhood,Attention Economy,Systems vs Humans,Books are not marketed with the same intensity as entertainment media.,Entire industries compete aggressively for children’s attention every second of the day.,LinkedIn,Minimal Graphic,Provocative,LinkedIn Post,"Attention Economy, Media, Reading",Motivating the Reluctant Reader Using Technology,Draft,,,,,,
Relationships,Shared Meaning,Built for Connection,Some of the strongest family bonds are built through shared stories.,Stories quietly create emotional worlds families can inhabit together.,Facebook,Cinematic B-Roll,Warm,Short-form Reflection,"Family, Reading, Bonding",Motivating the Reluctant Reader Using Technology,Draft,,,,,,
Education,Reflection,Emotional Architecture,The cycle is not complete until students can communicate what they have read and send their ideas back into the world.,"True literacy is not passive consumption. It is reflection, communication, and creation.",LinkedIn,Text Overlay,Thoughtful,LinkedIn Post,"Reflection, Writing, Literacy",Motivating the Reluctant Reader Using Technology,Draft,,,,,,
AI & Humanity,Digital Publishing,AI & Humanity,"Technology has taken the writing process to the extreme through blogs, forums, and digital publishing.",Modern students are not just consumers anymore. They are potential publishers and creators.,LinkedIn,AI Futurist Graphic,Future-Focused,LinkedIn Post,"Digital Publishing, Technology",Motivating the Reluctant Reader Using Technology,Draft,,,,,,
Education,Critical Thinking,Future of Learning,"If they can evaluate their reading, they have reached the highest form of reading.",Memorization is not the peak of learning. Judgment and reflection are.,LinkedIn,Quote Card,Reflective,LinkedIn Post,"Critical Thinking, Reflection",Motivating the Reluctant Reader Using Technology,Draft,,,,,,
Modern Childhood,Digital Identity,Human Signals,"Once something is published online, it is memorialized there forever.",Digital citizenship is no longer optional. It is emotional survival training for modern life.,LinkedIn,Text Overlay,Provocative,LinkedIn Post,"Digital Citizenship, Online Identity",Motivating the Reluctant Reader Using Technology,Draft,,,,,,
Education,Student Voice,Why Humans Do That,Students often become motivated when they realize their ideas can reach real audiences.,Writing changes when students stop seeing it as an assignment and start seeing it as communication.,LinkedIn,Talking Head Video,Thoughtful,LinkedIn Post,"Student Voice, Writing, Motivation",Motivating the Reluctant Reader Using Technology,Draft,,,,,,
Leadership,Innovation,Leadership Under Pressure,Technology should not replace imagination. It should amplify it.,The best educational technology expands creativity instead of automating students into passivity.,LinkedIn,Minimal Graphic,Hopeful,LinkedIn Post,"Innovation, Creativity, Technology",Motivating the Reluctant Reader Using Technology,Draft,,,,,,
Modern Childhood,Empathy,Built for Connection,Children want to know they are not the only ones who feel a certain way about a story.,Stories become emotionally powerful when children recognize themselves inside someone else’s experience.,Instagram,Cinematic B-Roll,Emotional,Reel Concept,"Empathy, Belonging, Stories",Motivating the Reluctant Reader Using Technology,Draft,,,,,,
Education,Aha Moments,Why Humans Do That,The right book can become a child’s aha moment.,Most lifelong readers remember a moment when reading suddenly felt emotionally alive.,Facebook,Quote Card,Hopeful,Quote Graphic,"Curiosity, Reading, Learning",Motivating the Reluctant Reader Using Technology,Draft,,,,,,
,,,,,,,,,,,,,,,,,
Education,Student Motivation,Why Humans Do That,Students rarely become passionate because someone demanded it.,"Passion usually begins with emotional connection, curiosity, exposure, and relevance — not pressure.",LinkedIn,Text Overlay,Reflective,LinkedIn Post,"Motivation, Curiosity, Learning",Motivating the Reluctant Reader Using Technology,Draft,,,,,,
Modern Childhood,Digital Overload,Human Signals,Children are growing up surrounded by stimulation but starving for meaningful engagement.,"Constant entertainment does not automatically produce curiosity, depth, or emotional connection.",LinkedIn,Minimal Graphic,Thoughtful,Short-form Reflection,"Attention, Overstimulation, Childhood",Motivating the Reluctant Reader Using Technology,Draft,,,,,,
Education,Traditional Systems,Systems vs Humans,Many classrooms still prioritize compliance over curiosity.,Students learn quickly whether school values exploration or simple obedience.,LinkedIn,Talking Head Video,Provocative,LinkedIn Post,"Compliance, Curiosity, Education",Motivating the Reluctant Reader Using Technology,Draft,,,,,,
Leadership,Adaptability,Leadership Under Pressure,The future belongs to people who can continuously reinvent themselves.,Adaptability may become the most important educational outcome of the modern era.,LinkedIn,Text Overlay,Future-Focused,LinkedIn Post,"Adaptability, Future Skills, Leadership",Motivating the Reluctant Reader Using Technology,Draft,,,,,,
Education,Reading Access,Future of Learning,Technology can remove barriers that once separated children from books.,Digital access is reshaping who gets to participate in literacy and learning.,LinkedIn,AI Futurist Graphic,Hopeful,LinkedIn Post,"Digital Access, Literacy, Technology",Motivating the Reluctant Reader Using Technology,Draft,,,,,,
Modern Childhood,Identity Formation,Emotional Architecture,Children often define themselves by what they believe they are bad at.,One repeated struggle can quietly become part of a child’s identity narrative.,LinkedIn,Quote Card,Emotional,LinkedIn Post,"Identity, Confidence, Childhood",Motivating the Reluctant Reader Using Technology,Draft,,,,,,
Relationships,Emotional Safety,Built for Connection,Children take risks when they feel emotionally safe.,Learning and vulnerability are deeply connected. Students rarely explore openly when shame is present.,Facebook,Cinematic B-Roll,Compassionate,Parenting Reflection,"Emotional Safety, Learning, Parenting",Motivating the Reluctant Reader Using Technology,Draft,,,,,,
Education,Reading Shame,Why Humans Do That,Many reluctant readers are not lazy. They are discouraged.,Students often withdraw from learning after repeated experiences with embarrassment or failure.,LinkedIn,Talking Head Video,Compassionate,LinkedIn Post,"Reading Shame, Confidence, Education",Motivating the Reluctant Reader Using Technology,Draft,,,,,,
Modern Childhood,Entertainment vs Learning,Systems vs Humans,We compete against billion-dollar entertainment systems and wonder why worksheets struggle to win attention.,The modern attention economy is one of the biggest invisible forces shaping education today.,LinkedIn,Text Overlay,Provocative,LinkedIn Post,"Attention Economy, Worksheets, Engagement",Motivating the Reluctant Reader Using Technology,Draft,,,,,,
AI & Humanity,Personalization,Future of Learning,Technology allows learning to become increasingly personalized.,The industrial one-size-fits-all classroom is beginning to fracture under modern expectations.,LinkedIn,AI Futurist Graphic,Future-Focused,LinkedIn Post,"Personalized Learning, Technology",Motivating the Reluctant Reader Using Technology,Draft,,,,,,
Education,Ownership,Emotional Architecture,Students become more invested when they feel the learning belongs to them.,Ownership transforms learning from external pressure into internal motivation.,LinkedIn,Quote Card,Thoughtful,LinkedIn Post,"Ownership, Motivation, Engagement",Motivating the Reluctant Reader Using Technology,Draft,,,,,,
Leadership,Modern Schools,Systems vs Humans,Schools cannot prepare students for the future while remaining emotionally trapped in the past.,Innovation requires more than adding devices. It requires rethinking assumptions about learning itself.,LinkedIn,Talking Head Video,Intense,LinkedIn Post,"Innovation, Future Schools, Leadership",Motivating the Reluctant Reader Using Technology,Draft,,,,,,
Modern Childhood,Social Learning,Built for Connection,Children are often more motivated when they know others are experiencing the same story beside them.,Shared emotional experiences strengthen engagement and memory.,Instagram,Cinematic B-Roll,Warm,Reel Concept,"Social Learning, Belonging",Motivating the Reluctant Reader Using Technology,Draft,,,,,,
Education,Reading Exposure,Why Humans Do That,A child may dislike reading simply because they have not yet found the right doorway into it.,Interest is often highly specific and deeply personal.,LinkedIn,Text Overlay,Reflective,LinkedIn Post,"Reading Interest, Curiosity",Motivating the Reluctant Reader Using Technology,Draft,,,,,,
AI & Humanity,Digital Creation,AI & Humanity,Modern students are growing up in a world where anyone can become a creator.,The barriers between audience and creator continue to disappear.,LinkedIn,Minimal Graphic,Hopeful,LinkedIn Post,"Content Creation, Digital Age",Motivating the Reluctant Reader Using Technology,Draft,,,,,,
Education,Relevance,Systems vs Humans,Students engage more deeply when learning feels connected to real life.,Relevance is one of the strongest motivational forces in education.,LinkedIn,Talking Head Video,Thoughtful,LinkedIn Post,"Relevance, Engagement, Education",Motivating the Reluctant Reader Using Technology,Draft,,,,,,
Parenting,Connection,Built for Connection,Children often borrow confidence from emotionally supportive adults.,Encouragement can become part of a child’s internal voice for years.,Facebook,Quote Card,Compassionate,Parenting Reflection,"Confidence, Parenting, Support",Motivating the Reluctant Reader Using Technology,Draft,,,,,,
Modern Childhood,Information Processing,Human Signals,The modern challenge is not finding information. It is surviving the flood of it.,Students now need emotional and cognitive filtering skills as much as academic knowledge.,LinkedIn,Text Overlay,Reflective,Short-form Reflection,"Information Overload, Cognitive Skills",Motivating the Reluctant Reader Using Technology,Draft,,,,,,
Education,Student Voice,Future of Learning,Technology allows students to communicate their ideas to audiences far beyond the classroom walls.,Learning changes when students believe their voice actually matters outside a gradebook.,LinkedIn,AI Futurist Graphic,Hopeful,LinkedIn Post,"Student Voice, Technology, Communication",Motivating the Reluctant Reader Using Technology,Draft,,,,,,
Leadership,Collaboration,Leadership Under Pressure,The future workplace rewards collaboration more than isolation.,Schools that continue prioritizing silent individualism may be preparing students for the wrong world.,LinkedIn,Text Overlay,Future-Focused,LinkedIn Post,"Collaboration, Leadership, Future Work",Motivating the Reluctant Reader Using Technology,Draft,,,,,,
Education,Emotional Learning,Emotional Architecture,Students remember how learning felt long after they forget specific assignments.,"Emotion quietly shapes memory, identity, and motivation.",LinkedIn,Quote Card,Emotional,LinkedIn Post,"Emotion, Memory, Learning",Motivating the Reluctant Reader Using Technology,Draft,,,,,,
Modern Childhood,Passive Consumption,Systems vs Humans,Technology should not turn students into passive consumers.,"The best technology invites participation, creation, and interaction.",LinkedIn,Talking Head Video,Provocative,LinkedIn Post,"Technology, Participation, Learning",Motivating the Reluctant Reader Using Technology,Draft,,,,,,
AI & Humanity,Future Creativity,AI & Humanity,Innovation begins with imagination long before it becomes reality.,Every major technological leap started as an idea someone else considered unrealistic.,LinkedIn,Minimal Graphic,Hopeful,LinkedIn Post,"Innovation, Imagination, Future",Motivating the Reluctant Reader Using Technology,Draft,,,,,,
Education,Choice,Why Humans Do That,Students often become more engaged when they are allowed meaningful choices.,Choice creates emotional ownership and autonomy.,LinkedIn,Text Overlay,Thoughtful,LinkedIn Post,"Choice, Autonomy, Engagement",Motivating the Reluctant Reader Using Technology,Draft,,,,,,
Relationships,Connection,Built for Connection,Shared stories can create conversations families may never have otherwise.,Stories often open emotional doors that direct conversation cannot.,Facebook,Cinematic B-Roll,Warm,Parenting Reflection,"Family, Stories, Communication",Motivating the Reluctant Reader Using Technology,Draft,,,,,,
Leadership,Modern Leadership,Leadership Under Pressure,"The modern leader is often the person who helps others feel seen, heard, and valued.","Leadership is becoming increasingly emotional and relational, not simply positional.",LinkedIn,Quote Card,Thoughtful,LinkedIn Post,"Leadership, Emotional Intelligence",Motivating the Reluctant Reader Using Technology,Draft,,,,,,
Education,Future Readiness,Future of Learning,The future may reward adaptability more than memorization.,The information students memorize today may be outdated tomorrow. Their ability to adapt may matter more.,LinkedIn,Text Overlay,Future-Focused,LinkedIn Post,"Adaptability, Future Skills",Motivating the Reluctant Reader Using Technology,Draft,,,,,,
Modern Childhood,Attention,Human Signals,Attention has become one of the most aggressively competed-for resources in modern life.,Children are developing inside an economy specifically designed to capture and hold their focus.,LinkedIn,Minimal Graphic,Provocative,LinkedIn Post,"Attention Economy, Focus, Childhood",Motivating the Reluctant Reader Using Technology,Draft,,,,,,
Education,Creativity,Systems vs Humans,Too many schools still treat creativity like a side activity instead of a survival skill.,"The future increasingly rewards innovation, originality, and flexibility.",LinkedIn,Talking Head Video,Intense,LinkedIn Post,"Creativity, Innovation, Schools",Motivating the Reluctant Reader Using Technology,Draft,,,,,,
AI & Humanity,Human Connection,AI & Humanity,"The goal of technology should be expanding human potential, not reducing humanity.",The best innovation strengthens connection instead of replacing it.,LinkedIn,AI Futurist Graphic,Hopeful,LinkedIn Post,"Technology, Humanity, AI",Motivating the Reluctant Reader Using Technology,Draft,,,,,,
Education,Reading Confidence,Emotional Architecture,Confidence often grows one successful reading experience at a time.,Students build identity slowly through repeated emotional victories.,LinkedIn,Quote Card,Compassionate,LinkedIn Post,"Confidence, Reading, Identity",Motivating the Reluctant Reader Using Technology,Draft,,,,,,
,,,,,,,,,,,,,,,,,
Education,Learning Culture,Systems vs Humans,Too many students experience school as something done to them instead of something built with them.,Engagement changes dramatically when students feel included in the learning process rather than controlled by it.,LinkedIn,Talking Head Video,Provocative,LinkedIn Post,"Student Engagement, School Culture",Motivating the Reluctant Reader Using Technology,Draft,,,,,,
Modern Childhood,Digital Childhood,Human Signals,Children today are growing up in two worlds at once: physical and digital.,"The emotional lives of modern children now stretch across classrooms, homes, phones, games, and social platforms simultaneously.",LinkedIn,Text Overlay,Reflective,LinkedIn Post,"Digital Childhood, Identity, Technology",Motivating the Reluctant Reader Using Technology,Draft,,,,,,
Leadership,Innovation Mindset,Leadership Under Pressure,"The most dangerous phrase in education may be, “That’s how we’ve always done it.”",Tradition becomes a problem when it prevents adaptation to the realities students are actually living in.,LinkedIn,Minimal Graphic,Intense,LinkedIn Post,"Innovation, Tradition, Education",Motivating the Reluctant Reader Using Technology,Draft,,,,,,
Education,Reading Identity,Emotional Architecture,Students often decide whether they are “readers” long before adulthood.,"Identity quietly shapes performance. Once students believe something about themselves, they often begin acting in alignment with it.",LinkedIn,Quote Card,Thoughtful,LinkedIn Post,"Reading Identity, Student Beliefs",Motivating the Reluctant Reader Using Technology,Draft,,,,,,
AI & Humanity,Digital Learning,Future of Learning,Technology has changed access to information forever.,"Students no longer need schools solely as information providers. Schools must increasingly become places of guidance, mentorship, and meaning-making.",LinkedIn,AI Futurist Graphic,Future-Focused,LinkedIn Post,"Future Schools, Information Access",Motivating the Reluctant Reader Using Technology,Draft,,,,,,
Relationships,Encouragement,Built for Connection,Sometimes one encouraging adult changes the entire trajectory of a child’s relationship with learning.,Students often remember emotional support longer than academic instruction.,Facebook,Cinematic B-Roll,Compassionate,Parenting Reflection,"Encouragement, Mentorship, Learning",Motivating the Reluctant Reader Using Technology,Draft,,,,,,
Education,Student Curiosity,Why Humans Do That,Curiosity grows best in environments where students feel psychologically safe to explore.,Fear and curiosity rarely thrive in the same emotional space.,LinkedIn,Text Overlay,Reflective,LinkedIn Post,"Curiosity, Psychological Safety",Motivating the Reluctant Reader Using Technology,Draft,,,,,,
Modern Childhood,Overstimulation,Systems vs Humans,Many students are mentally exhausted long before the school day even begins.,"Modern children process enormous amounts of stimulation, information, pressure, and emotional input daily.",LinkedIn,Talking Head Video,Emotional,LinkedIn Post,"Overstimulation, Student Stress",Motivating the Reluctant Reader Using Technology,Draft,,,,,,
Education,Technology Integration,Future of Learning,"Technology should create new possibilities for learning, not digitize old boredom.",Too often schools replace worksheets with screens while keeping the same outdated instructional model underneath.,LinkedIn,Minimal Graphic,Provocative,LinkedIn Post,"Technology Integration, Innovation",Motivating the Reluctant Reader Using Technology,Draft,,,,,,
Leadership,Future Readiness,Leadership Under Pressure,Preparing students for the future requires educators willing to evolve themselves first.,Students cannot be prepared for a changing world by adults unwilling to change with it.,LinkedIn,Text Overlay,Future-Focused,LinkedIn Post,"Leadership, Adaptability, Growth",Motivating the Reluctant Reader Using Technology,Draft,,,,,,
Education,Reading Engagement,Why Humans Do That,Students engage more deeply when they emotionally recognize themselves in the material.,Connection often precedes motivation.,LinkedIn,Quote Card,Thoughtful,LinkedIn Post,"Reading Engagement, Emotional Connection",Motivating the Reluctant Reader Using Technology,Draft,,,,,,
AI & Humanity,Creative Potential,AI & Humanity,Technology gives students opportunities to become creators instead of passive observers.,"The modern learner can publish, communicate, design, and create at levels previous generations never imagined.",LinkedIn,AI Futurist Graphic,Hopeful,LinkedIn Post,"Creators, Technology, Student Voice",Motivating the Reluctant Reader Using Technology,Draft,,,,,,
Modern Childhood,Entertainment Systems,Systems vs Humans,Children are immersed in systems specifically engineered to compete for their attention.,Education now competes inside an attention economy designed by billion-dollar industries.,LinkedIn,Talking Head Video,Provocative,LinkedIn Post,"Attention Economy, Entertainment",Motivating the Reluctant Reader Using Technology,Draft,,,,,,
Relationships,Shared Meaning,Built for Connection,Stories often become emotional bridges between people.,Books and stories allow families and students to discuss emotions indirectly and safely.,Facebook,Cinematic B-Roll,Warm,Short-form Reflection,"Stories, Connection, Communication",Motivating the Reluctant Reader Using Technology,Draft,,,,,,
Education,Student Confidence,Emotional Architecture,A student’s confidence can collapse quietly over time.,Repeated frustration often creates emotional withdrawal long before adults recognize it.,LinkedIn,Text Overlay,Emotional,LinkedIn Post,"Confidence, Student Identity",Motivating the Reluctant Reader Using Technology,Draft,,,,,,
Leadership,Collaborative Culture,Leadership Under Pressure,The future belongs to people who can collaborate across differences.,Modern leadership increasingly depends on emotional intelligence and relational skill.,LinkedIn,Minimal Graphic,Future-Focused,LinkedIn Post,"Collaboration, Emotional Intelligence",Motivating the Reluctant Reader Using Technology,Draft,,,,,,
Education,Independent Learning,Future of Learning,Students must eventually learn how to teach themselves.,The modern world changes too quickly for education to end at graduation.,LinkedIn,Quote Card,Thoughtful,LinkedIn Post,"Independent Learning, Lifelong Learning",Motivating the Reluctant Reader Using Technology,Draft,,,,,,
Modern Childhood,Identity,Human Signals,Children are constantly forming beliefs about who they are becoming.,"Every success, failure, embarrassment, and encouragement contributes to identity construction.",LinkedIn,Text Overlay,Reflective,LinkedIn Post,"Identity, Childhood Development",Motivating the Reluctant Reader Using Technology,Draft,,,,,,
AI & Humanity,Global Connection,AI & Humanity,Technology allows students to communicate with audiences far beyond their local environment.,"Modern communication is increasingly global, immediate, and interconnected.",LinkedIn,AI Futurist Graphic,Future-Focused,LinkedIn Post,"Global Communication, Technology",Motivating the Reluctant Reader Using Technology,Draft,,,,,,
Education,Ownership,Why Humans Do That,Students are more motivated when they feel ownership over the learning experience.,Ownership transforms school from obligation into participation.,LinkedIn,Talking Head Video,Thoughtful,LinkedIn Post,"Ownership, Motivation, Education",Motivating the Reluctant Reader Using Technology,Draft,,,,,,
Modern Childhood,Stress,Human Signals,Many children carry invisible emotional weight adults never fully see.,Behavior is often the visible surface of much deeper emotional experiences.,LinkedIn,Minimal Graphic,Compassionate,LinkedIn Post,"Stress, Emotional Health, Students",Motivating the Reluctant Reader Using Technology,Draft,,,,,,
Education,Creativity,Systems vs Humans,Schools often reward correctness more consistently than creativity.,Students quickly learn whether originality is welcomed or quietly discouraged.,LinkedIn,Text Overlay,Provocative,LinkedIn Post,"Creativity, School Culture",Motivating the Reluctant Reader Using Technology,Draft,,,,,,
Relationships,Emotional Support,Built for Connection,Students often need emotional belief before they can sustain academic belief in themselves.,Confidence is frequently borrowed socially before it becomes internal.,Facebook,Quote Card,Compassionate,Parenting Reflection,"Confidence, Emotional Support",Motivating the Reluctant Reader Using Technology,Draft,,,,,,
Leadership,Adaptability,Leadership Under Pressure,The future may belong to the emotionally adaptable more than the intellectually rigid.,"The ability to recover, pivot, and adjust may become one of the most valuable human skills.",LinkedIn,Talking Head Video,Future-Focused,LinkedIn Post,"Adaptability, Emotional Intelligence",Motivating the Reluctant Reader Using Technology,Draft,,,,,,
Education,Reading Access,Future of Learning,Technology can place entire libraries into the hands of students instantly.,Access barriers that once limited literacy are shrinking rapidly.,LinkedIn,AI Futurist Graphic,Hopeful,LinkedIn Post,"Digital Libraries, Literacy",Motivating the Reluctant Reader Using Technology,Draft,,,,,,
Modern Childhood,Emotional Regulation,Emotional Architecture,Students often struggle academically when emotionally overwhelmed.,Learning and emotional regulation are deeply interconnected systems.,LinkedIn,Text Overlay,Reflective,LinkedIn Post,"Emotional Regulation, Learning",Motivating the Reluctant Reader Using Technology,Draft,,,,,,
AI & Humanity,Imagination,AI & Humanity,The technologies shaping tomorrow often begin as ideas people once dismissed.,Imagination frequently precedes innovation by years or decades.,LinkedIn,Minimal Graphic,Hopeful,LinkedIn Post,"Imagination, Innovation, AI",Motivating the Reluctant Reader Using Technology,Draft,,,,,,
Education,Student Voice,Why Humans Do That,Students write differently when they believe someone real might actually read their work.,Audience changes motivation. Purpose changes effort.,LinkedIn,Quote Card,Thoughtful,LinkedIn Post,"Student Writing, Audience, Motivation",Motivating the Reluctant Reader Using Technology,Draft,,,,,,
Relationships,Belonging,Built for Connection,Children are more willing to engage when they feel they belong.,Belonging is one of the strongest motivational forces in human behavior.,Facebook,Cinematic B-Roll,Warm,Parenting Reflection,"Belonging, Engagement, Motivation",Motivating the Reluctant Reader Using Technology,Draft,,,,,,
Education,Future Readiness,Future of Learning,The students thriving tomorrow may not be the students who simply followed directions best today.,"The future increasingly rewards flexibility, creativity, and initiative.",LinkedIn,Talking Head Video,Provocative,LinkedIn Post,"Future Skills, Innovation",Motivating the Reluctant Reader Using Technology,Draft,,,,,,
Modern Childhood,Attention Economy,Systems vs Humans,Attention has become one of the most monetized resources in modern society.,Children now grow up surrounded by systems intentionally engineered to capture focus.,LinkedIn,Text Overlay,Intense,LinkedIn Post,"Attention Economy, Focus, Childhood",Motivating the Reluctant Reader Using Technology,Draft,,,,,,